loan_id,income,default_time,delay
1,38524.768040940246,inf,2
8,35813.52375840081,inf,2
14,47458.499648663055,inf,2
